{"smoker": 0.6615790510511542, "bmi": 0.19091170904425372, "age": 0.12712991076334812, "children": 0.01107932465970023, "region": 0.0067204894202186225, "sex": 0.00257951506132518}