{"random_forest": {"train_r2": 0.9897509241599134, "test_r2": 0.9779674714660052, "train_mse": 13025975.992119038, "test_mse": 18945395.255636342, "train_mae": 1975.020903367241, "test_mae": 2435.3205604503187}, "gradient_boosting": {"train_r2": 0.9826497787751536, "test_r2": 0.9559810323099946, "train_mse": 2504220.270723455, "test_mse": 23911249.359545793, "train_mae": 885.0441532843384, "test_mae": 2628.40202117489}}